python3	/Users/timm/gits/moot/optimize/behavior_data/player_statistics_cleaned_final.csv	1.49	1.46	26836992	0
pypy3	/Users/timm/gits/moot/optimize/behavior_data/player_statistics_cleaned_final.csv	0.47	0.38	59015168	0
lua	/Users/timm/gits/moot/optimize/behavior_data/player_statistics_cleaned_final.csv	0.03	0.03	2834432	0
luajit	/Users/timm/gits/moot/optimize/behavior_data/player_statistics_cleaned_final.csv	0.01	0.01	2801664	0
python3	/Users/timm/gits/moot/optimize/process/nasa93dem.csv	1.47	1.46	27000832	0
pypy3	/Users/timm/gits/moot/optimize/process/nasa93dem.csv	0.39	0.37	56377344	0
lua	/Users/timm/gits/moot/optimize/process/nasa93dem.csv	0.01	0.01	2785280	0
luajit	/Users/timm/gits/moot/optimize/process/nasa93dem.csv	0.01	0.01	2981888	0
python3	/Users/timm/gits/moot/optimize/config/Apache_AllMeasurements.csv	1.46	1.45	26820608	0
pypy3	/Users/timm/gits/moot/optimize/config/Apache_AllMeasurements.csv	0.24	0.23	55787520	0
lua	/Users/timm/gits/moot/optimize/config/Apache_AllMeasurements.csv	0.01	0.01	2686976	0
luajit	/Users/timm/gits/moot/optimize/config/Apache_AllMeasurements.csv	0.01	0.01	2801664	0
python3	/Users/timm/gits/moot/optimize/config/wc+rs-3d-c4-obj1.csv	1.45	1.44	26984448	0
pypy3	/Users/timm/gits/moot/optimize/config/wc+rs-3d-c4-obj1.csv	0.35	0.33	56311808	0
lua	/Users/timm/gits/moot/optimize/config/wc+rs-3d-c4-obj1.csv	0.01	0.01	2768896	0
luajit	/Users/timm/gits/moot/optimize/config/wc+rs-3d-c4-obj1.csv	0.01	0	2752512	0
python3	/Users/timm/gits/moot/optimize/config/wc+sol-3d-c4-obj1.csv	1.45	1.44	26787840	0
pypy3	/Users/timm/gits/moot/optimize/config/wc+sol-3d-c4-obj1.csv	0.36	0.35	57163776	0
lua	/Users/timm/gits/moot/optimize/config/wc+sol-3d-c4-obj1.csv	0.01	0.01	2752512	0
luajit	/Users/timm/gits/moot/optimize/config/wc+sol-3d-c4-obj1.csv	0.01	0.01	2768896	0
python3	/Users/timm/gits/moot/optimize/config/wc+wc-3d-c4-obj1.csv	1.47	1.47	27017216	0
pypy3	/Users/timm/gits/moot/optimize/config/wc+wc-3d-c4-obj1.csv	0.43	0.38	56033280	0
lua	/Users/timm/gits/moot/optimize/config/wc+wc-3d-c4-obj1.csv	0.01	0.01	2768896	0
luajit	/Users/timm/gits/moot/optimize/config/wc+wc-3d-c4-obj1.csv	0.01	0	2850816	0
python3	/Users/timm/gits/moot/optimize/config/SS-D.csv	1.46	1.45	27049984	0
pypy3	/Users/timm/gits/moot/optimize/config/SS-D.csv	0.34	0.34	55820288	0
lua	/Users/timm/gits/moot/optimize/config/SS-D.csv	0.01	0.01	2736128	0
luajit	/Users/timm/gits/moot/optimize/config/SS-D.csv	0.01	0	2801664	0
python3	/Users/timm/gits/moot/optimize/config/SS-F.csv	1.46	1.46	26738688	0
pypy3	/Users/timm/gits/moot/optimize/config/SS-F.csv	0.34	0.33	56623104	0
lua	/Users/timm/gits/moot/optimize/config/SS-F.csv	0.01	0.01	2834432	0
luajit	/Users/timm/gits/moot/optimize/config/SS-F.csv	0.01	0	2752512	0
python3	/Users/timm/gits/moot/optimize/config/SS-G.csv	1.46	1.45	26755072	0
pypy3	/Users/timm/gits/moot/optimize/config/SS-G.csv	0.34	0.32	55984128	0
lua	/Users/timm/gits/moot/optimize/config/SS-G.csv	0.01	0.01	2834432	0
luajit	/Users/timm/gits/moot/optimize/config/SS-G.csv	0.01	0	2768896	0
python3	/Users/timm/gits/moot/optimize/misc/Car_price_cleaned.csv	1.57	1.56	27115520	0
pypy3	/Users/timm/gits/moot/optimize/misc/Car_price_cleaned.csv	0.46	0.44	60899328	0
lua	/Users/timm/gits/moot/optimize/misc/Car_price_cleaned.csv	0.08	0.08	3129344	0
luajit	/Users/timm/gits/moot/optimize/misc/Car_price_cleaned.csv	0.03	0.02	3227648	0
python3	/Users/timm/gits/moot/optimize/config/SS-B.csv	1.48	1.47	27049984	0
pypy3	/Users/timm/gits/moot/optimize/config/SS-B.csv	0.34	0.32	54591488	0
lua	/Users/timm/gits/moot/optimize/config/SS-B.csv	0.01	0.01	2768896	0
luajit	/Users/timm/gits/moot/optimize/config/SS-B.csv	0.01	0	2850816	0
python3	/Users/timm/gits/moot/optimize/rl/A2C_Acrobot.csv	1.47	1.46	27033600	0
pypy3	/Users/timm/gits/moot/optimize/rl/A2C_Acrobot.csv	0.37	0.36	60243968	0
lua	/Users/timm/gits/moot/optimize/rl/A2C_Acrobot.csv	0.03	0.02	2850816	0
luajit	/Users/timm/gits/moot/optimize/rl/A2C_Acrobot.csv	0.01	0.01	3260416	0
python3	/Users/timm/gits/moot/optimize/sales_data/wallpaper.csv	1.47	1.47	27066368	0
pypy3	/Users/timm/gits/moot/optimize/sales_data/wallpaper.csv	0.38	0.37	58425344	0
lua	/Users/timm/gits/moot/optimize/sales_data/wallpaper.csv	0.03	0.02	2965504	0
luajit	/Users/timm/gits/moot/optimize/sales_data/wallpaper.csv	0.01	0.01	3375104	0
python3	/Users/timm/gits/moot/optimize/config/SS-H.csv	1.46	1.46	27049984	0
pypy3	/Users/timm/gits/moot/optimize/config/SS-H.csv	0.35	0.33	57065472	0
lua	/Users/timm/gits/moot/optimize/config/SS-H.csv	0.01	0.01	2752512	0
luajit	/Users/timm/gits/moot/optimize/config/SS-H.csv	0.01	0.01	3063808	0
python3	/Users/timm/gits/moot/optimize/rl/A2C_CartPole.csv	1.49	1.48	27017216	0
pypy3	/Users/timm/gits/moot/optimize/rl/A2C_CartPole.csv	0.38	0.37	60407808	0
lua	/Users/timm/gits/moot/optimize/rl/A2C_CartPole.csv	0.03	0.02	2867200	0
luajit	/Users/timm/gits/moot/optimize/rl/A2C_CartPole.csv	0.01	0.01	3080192	0
python3	/Users/timm/gits/moot/optimize/sales_data/socks.csv	1.50	1.5	26820608	0
pypy3	/Users/timm/gits/moot/optimize/sales_data/socks.csv	0.37	0.36	59310080	0
lua	/Users/timm/gits/moot/optimize/sales_data/socks.csv	0.06	0.06	2981888	0
luajit	/Users/timm/gits/moot/optimize/sales_data/socks.csv	0.01	0.01	3407872	0
python3	/Users/timm/gits/moot/optimize/misc/auto93.csv	1.48	1.47	27099136	0
pypy3	/Users/timm/gits/moot/optimize/misc/auto93.csv	0.39	0.37	58114048	0
lua	/Users/timm/gits/moot/optimize/misc/auto93.csv	0.02	0.01	2801664	0
luajit	/Users/timm/gits/moot/optimize/misc/auto93.csv	0.01	0.01	3145728	0
python3	/Users/timm/gits/moot/optimize/misc/multiLabel.csv	1.59	1.59	26787840	0
pypy3	/Users/timm/gits/moot/optimize/misc/multiLabel.csv	0.49	0.48	66011136	0
lua	/Users/timm/gits/moot/optimize/misc/multiLabel.csv	0.14	0.14	4128768	0
luajit	/Users/timm/gits/moot/optimize/misc/multiLabel.csv	0.04	0.04	3473408	0
python3	/Users/timm/gits/moot/optimize/process/pom3d.csv	1.48	1.48	27115520	0
pypy3	/Users/timm/gits/moot/optimize/process/pom3d.csv	0.37	0.36	60702720	0
lua	/Users/timm/gits/moot/optimize/process/pom3d.csv	0.05	0.04	3227648	0
luajit	/Users/timm/gits/moot/optimize/process/pom3d.csv	0.03	0.02	3751936	0
python3	/Users/timm/gits/moot/optimize/behavior_data/student_dropout.csv	1.55	1.54	27082752	0
pypy3	/Users/timm/gits/moot/optimize/behavior_data/student_dropout.csv	0.41	0.4	61620224	0
lua	/Users/timm/gits/moot/optimize/behavior_data/student_dropout.csv	0.13	0.13	4669440	0
luajit	/Users/timm/gits/moot/optimize/behavior_data/student_dropout.csv	0.03	0.03	5095424	0
python3	/Users/timm/gits/moot/optimize/config/SS-E.csv	1.47	1.46	27131904	0
pypy3	/Users/timm/gits/moot/optimize/config/SS-E.csv	0.38	0.37	61194240	0
lua	/Users/timm/gits/moot/optimize/config/SS-E.csv	0.02	0.02	3014656	0
luajit	/Users/timm/gits/moot/optimize/config/SS-E.csv	0.01	0.01	3506176	0
python3	/Users/timm/gits/moot/optimize/config/SS-M.csv	1.51	1.5	26918912	0
pypy3	/Users/timm/gits/moot/optimize/config/SS-M.csv	0.38	0.36	60047360	0
lua	/Users/timm/gits/moot/optimize/config/SS-M.csv	0.04	0.04	4227072	0
luajit	/Users/timm/gits/moot/optimize/config/SS-M.csv	0.02	0.02	4603904	0
python3	/Users/timm/gits/moot/optimize/systems/HSQLDB.csv	1.48	1.46	26869760	0
pypy3	/Users/timm/gits/moot/optimize/systems/HSQLDB.csv	0.28	0.27	59424768	0
lua	/Users/timm/gits/moot/optimize/systems/HSQLDB.csv	0.04	0.04	4358144	0
luajit	/Users/timm/gits/moot/optimize/systems/HSQLDB.csv	0.19	0.04	4489216	0
python3	/Users/timm/gits/moot/optimize/sales_data/dress-up.csv	1.91	1.68	26574848	0
pypy3	/Users/timm/gits/moot/optimize/sales_data/dress-up.csv	0.42	0.42	60915712	0
lua	/Users/timm/gits/moot/optimize/sales_data/dress-up.csv	0.01	0	3211264	1
luajit	/Users/timm/gits/moot/optimize/sales_data/dress-up.csv	0.00	0	2867200	1
python3	/Users/timm/gits/moot/optimize/config/SS-O.csv	1.49	1.48	27197440	0
pypy3	/Users/timm/gits/moot/optimize/config/SS-O.csv	0.41	0.4	58589184	0
lua	/Users/timm/gits/moot/optimize/config/SS-O.csv	0.04	0.04	3883008	0
luajit	/Users/timm/gits/moot/optimize/config/SS-O.csv	0.02	0.02	3833856	0
